symbol,alpha_factors_score,ml_features_score,technical_score,fundamental_score,sentiment_score,ml_predictor_score,composite_score,confidence,num_factors_computed
AAOI,0.07361441928462766,0.0,0.0,0.0,-0.013153988922308305,0.0,0.051922317232893665,0.2857142857142857,90
ABTC,0.2227279950153268,0.0,0.0,0.0,0.00529095591812504,0.0,0.16836873524102636,0.2857142857142857,90
ACNT,0.34319851472663565,0.0,0.0,0.0,0.0842345746434959,0.0,0.2784575297058507,0.2857142857142857,90
ACRV,0.39888567629661825,0.0,0.0,0.0,0.6197737729784472,0.0,0.4541077004670755,0.2857142857142857,90
ACTG,0.32218984827511665,0.0,0.0,0.0,-0.16313823615285356,0.0,0.2008578271681241,0.2857142857142857,90
ACXP,0.1153973233682545,0.0,0.0,0.0,-0.6776138252885897,0.0,-0.08285546379595657,0.2857142857142857,89
ADPT,0.2574116033623992,0.0,0.0,0.0,0.34914765698990774,0.0,0.2803456167692764,0.2857142857142857,90
AIMD,0.14663955778357038,0.0,0.0,0.0,-0.7991132184001473,0.0,-0.08979863626235907,0.2857142857142857,89
AIOT,0.11493616112778014,0.0,0.0,0.0,-0.5079774328978957,0.0,-0.04079223737863883,0.2857142857142857,90
ALLO,0.20141927782846594,0.0,0.0,0.0,0.305093246190338,0.0,0.22733776991893398,0.2857142857142857,90
ALMU,0.03509693679125369,0.0,0.0,0.0,-0.22940142337413416,0.0,-0.03102765325009328,0.2857142857142857,90
ALNT,0.24141898090758124,0.0,0.0,0.0,-0.0029744112163963784,0.0,0.18032063287658684,0.2857142857142857,90
AMBA,0.3334812404725824,0.0,0.0,0.0,-0.075612978146302,0.0,0.2312076858178613,0.2857142857142857,90
AMLX,0.2768985056481913,0.0,0.0,0.0,0.6412285745391031,0.0,0.36798102287091927,0.2857142857142857,90
AMPL,0.2277426316232766,0.0,0.0,0.0,-0.44898271272174667,0.0,0.05856129553702077,0.2857142857142857,90
AMT,0.13676866179296282,0.0,0.0,0.0,-0.017668932400219217,0.0,0.09815926324466731,0.2857142857142857,90
ANEB,0.0716616047951229,0.0,0.0,0.0,-0.189971587045543,0.0,0.0062533068349564175,0.2857142857142857,87
APO,0.17907628226488323,0.0,0.0,0.0,-0.05551568894530601,0.0,0.12042828946233593,0.2857142857142857,90
ATO,0.2781229163297186,0.0,0.0,0.0,-0.11467480745516803,0.0,0.17992348538349692,0.2857142857142857,90
AUID,0.043284749854970966,0.0,0.0,0.0,-0.5989379404825937,0.0,-0.11727092272942023,0.2857142857142857,88
AVB,0.12046642819785316,0.0,0.0,0.0,-0.001694817878984271,0.0,0.08992611667864381,0.2857142857142857,90
AVTR,0.12437421138800123,0.0,0.0,0.0,-0.2866126222254337,0.0,0.02162750298464249,0.2857142857142857,90
AXP,0.19275990679047045,0.0,0.0,0.0,-0.26918065172028227,0.0,0.07727476716278227,0.2857142857142857,90
AXTI,0.4418201630556895,0.0,0.0,0.0,-0.15689087834480447,0.0,0.292142402705566,0.2857142857142857,90
BANF,0.06828819678686421,0.0,0.0,0.0,-0.10840083807264017,0.0,0.02411593807198811,0.2857142857142857,89
BBCP,0.14683896504321828,0.0,0.0,0.0,-0.21301403336484911,0.0,0.056875715441201416,0.2857142857142857,90
BBT,0.22610077887183092,0.0,0.0,0.0,-0.09327899493037002,0.0,0.14625583542128068,0.2857142857142857,90
BCOR,0.10572094236683899,0.0,0.0,0.0,-0.8462936692564376,0.0,-0.1322827105389802,0.2857142857142857,86
BCPC,0.15788365176405814,0.0,0.0,0.0,-0.1453931570833394,0.0,0.08206444955220875,0.2857142857142857,90
BDJ,0.15613771379840236,0.0,0.0,0.0,-0.1352025584159714,0.0,0.08330264574480892,0.2857142857142857,90
BFAM,0.1754409097052475,0.0,0.0,0.0,-0.0269476521416788,0.0,0.12484376924351591,0.2857142857142857,90
BFLY,0.3823256091302105,0.0,0.0,0.0,0.6602570627032923,0.0,0.45180847252348094,0.2857142857142857,90
BHFAN,0.21102305639772975,0.0,0.0,0.0,-0.042088444331382736,0.0,0.14774518121545163,0.2857142857142857,88
BKN,0.12205142072542818,0.0,0.0,0.0,-0.07724519237228167,0.0,0.07222726745100072,0.2857142857142857,89
BKU,0.2679155844868822,0.0,0.0,0.0,0.03538345242509304,0.0,0.20978255147143487,0.2857142857142857,90
BLD,0.21419971233128787,0.0,0.0,0.0,-0.14112793384196093,0.0,0.1253678007879757,0.2857142857142857,90
BLDR,0.10765027647041611,0.0,0.0,0.0,-0.3753278234952849,0.0,-0.013094248521009143,0.2857142857142857,90
BLKB,0.09456957078407643,0.0,0.0,0.0,-0.24437242737024334,0.0,0.009834071245496486,0.2857142857142857,90
BLTE,0.4443857740782886,0.0,0.0,0.0,0.3621350708041706,0.0,0.4238230982597591,0.2857142857142857,89
BNED,0.11783236259129518,0.0,0.0,0.0,-0.46318213707911365,0.0,-0.027421262326307042,0.2857142857142857,90
AAP,0.16563837748244845,0.0,0.0,0.0,-0.01541859494090173,0.0,0.12037413437661089,0.2857142857142857,90
ABUS,0.1787628225080753,0.0,0.0,0.0,-0.2930194025439615,0.0,0.060817266245066066,0.2857142857142857,90
ACIC,0.09453116048319797,0.0,0.0,0.0,-0.24216120321031162,0.0,0.010358069559820557,0.2857142857142857,90
ACM,0.19010585855949916,0.0,0.0,0.0,-0.6495905398725066,0.0,-0.019818241048502303,0.2857142857142857,90
ADBE,0.09006553700073741,0.0,0.0,0.0,-0.22872362677907748,0.0,0.010368246055783683,0.2857142857142857,90
ADUS,0.14250047285932338,0.0,0.0,0.0,-0.08104926362880656,0.0,0.0866130387372909,0.2857142857142857,90
AFCG,0.07123709958212546,0.0,0.0,0.0,-0.5406655144012158,0.0,-0.08173855391370988,0.2857142857142857,90
AFL,0.3557774742665082,0.0,0.0,0.0,-0.2379980633165609,0.0,0.2073335898707409,0.2857142857142857,90
AIM,0.08150244994066905,0.0,0.0,0.0,-0.4993103976355762,0.0,-0.06370076195339229,0.2857142857142857,89
AIRI,0.12242048606820172,0.0,0.0,0.0,-0.31372823614657513,0.0,0.013383305514507492,0.2857142857142857,89
ALBT,0.0016041541170528997,0.0,0.0,0.0,-0.7785453640552634,0.0,-0.1934332254260262,0.2857142857142857,89
ALDX,0.1918386929433437,0.0,0.0,0.0,-0.17222256054091323,0.0,0.10082337957227948,0.2857142857142857,90
ALE,0.23193293144162633,0.0,0.0,0.0,-0.0018541846287899503,0.0,0.17348615242402227,0.2857142857142857,90
ALEX,0.1644951497338722,0.0,0.0,0.0,-0.17156148033530963,0.0,0.08048099221657674,0.2857142857142857,90
ALGT,0.2174276921995819,0.0,0.0,0.0,-0.3409876884157611,0.0,0.07782384704574614,0.2857142857142857,90
ALRM,0.10508735842214646,0.0,0.0,0.0,-0.21941103458705277,0.0,0.023962760169846647,0.2857142857142857,90
AMH,0.10829844214667514,0.0,0.0,0.0,-0.012629577884337802,0.0,0.0780664371389219,0.2857142857142857,90
AMPG,0.17802239704037137,0.0,0.0,0.0,0.6031687894465678,0.0,0.2843089951419205,0.2857142857142857,90
ARLP,0.15586844569412758,0.0,0.0,0.0,-0.23333606972358514,0.0,0.05856731683969939,0.2857142857142857,90
ASIX,0.07149156696694968,0.0,0.0,0.0,-0.501331900154314,0.0,-0.07171429981336626,0.2857142857142857,90
ASPCU,0.3247659859960968,0.0,0.0,0.0,-0.13607643853966958,0.0,0.2095553798621552,0.2857142857142857,86
ASTH,0.1304521397907124,0.0,0.0,0.0,0.02736542868345942,0.0,0.10468046201389916,0.2857142857142857,90
ATRO,0.2899108506361964,0.0,0.0,0.0,0.015760338189589822,0.0,0.22137322252454475,0.2857142857142857,90
AVT,0.0559891420662892,0.0,0.0,0.0,-0.15909897064162895,0.0,0.002217113889309661,0.2857142857142857,90
AXL,0.2787150571281621,0.0,0.0,0.0,-0.0040160426657722785,0.0,0.20803228217967848,0.2857142857142857,90
AYTU,0.08607692346114272,0.0,0.0,0.0,-0.1864716906597407,0.0,0.017939769930921858,0.2857142857142857,89
BALL,0.14171091279016962,0.0,0.0,0.0,-0.03389769209467049,0.0,0.0978087615689596,0.2857142857142857,90
BBDC,0.13598684336867642,0.0,0.0,0.0,-0.10881118385956721,0.0,0.0747873365616155,0.2857142857142857,90
BBN,0.34967622149143623,0.0,0.0,0.0,-0.0029103526676636164,0.0,0.26152957795166126,0.2857142857142857,90
BCG,0.38239431117848804,0.0,0.0,0.0,0.930361678537662,0.0,0.5193861530182816,0.2857142857142857,89
BCV,0.1483186655708912,0.0,0.0,0.0,-0.12787391159696487,0.0,0.07927052127892718,0.2857142857142857,88
BELFB,0.2536014642601137,0.0,0.0,0.0,0.021253133537211182,0.0,0.19551438157938805,0.2857142857142857,90
BGB,0.17472782186716002,0.0,0.0,0.0,-0.044368314856916884,0.0,0.11995378768614079,0.2857142857142857,90
BGC,0.1367398263450813,0.0,0.0,0.0,-0.2793488945535327,0.0,0.0327176461204278,0.2857142857142857,90
BGT,0.1113531402858737,0.0,0.0,0.0,-0.1479975112612334,0.0,0.04651547739909693,0.2857142857142857,90
BHB,0.17526247579947996,0.0,0.0,0.0,-0.09544256161592737,0.0,0.10758621644562812,0.2857142857142857,89
BLE,0.15915985295850998,0.0,0.0,0.0,-0.06407559012744136,0.0,0.10335099218702215,0.2857142857142857,90
BMRC,0.25080349741462826,0.0,0.0,0.0,-0.20767376499581205,0.0,0.1361841818120182,0.2857142857142857,89
BRT,0.14962701045627613,0.0,0.0,0.0,-0.028141758143338615,0.0,0.10518481830637244,0.2857142857142857,89
BUI,0.14036498317670545,0.0,0.0,0.0,-0.12374991349193573,0.0,0.07433625900954514,0.2857142857142857,89
ABG,0.09599201522981154,0.0,0.0,0.0,-0.06812916800013394,0.0,0.05496171942232517,0.2857142857142857,90
ABM,0.07124228105189491,0.0,0.0,0.0,-0.22881740535082273,0.0,-0.003772640548784512,0.2857142857142857,90
ABVC,0.1376361846936723,0.0,0.0,0.0,-0.1760815361403483,0.0,0.05920675448516714,0.2857142857142857,90
ACET,0.11456236578630481,0.0,0.0,0.0,-0.5596319847875068,0.0,-0.053986221857148096,0.2857142857142857,90
ACHR,0.11755861918037441,0.0,0.0,0.0,-0.2932119967793164,0.0,0.014865965190451693,0.2857142857142857,90
ACIW,0.09835422137388687,0.0,0.0,0.0,-0.08775334895105616,0.0,0.0518273287926511,0.2857142857142857,90
ACMR,0.13888344485576368,0.0,0.0,0.0,-0.17431189125549118,0.0,0.06058461082794995,0.2857142857142857,90
AEI,0.2108613768777304,0.0,0.0,0.0,-0.29833624997754543,0.0,0.08356197016391143,0.2857142857142857,88
AEP,0.3422082316888489,0.0,0.0,0.0,0.007407271929679175,0.0,0.2585079917490565,0.2857142857142857,90
AGM,0.20909113549750566,0.0,0.0,0.0,-0.09468591581869888,0.0,0.1331468726684545,0.2857142857142857,89
AGNCL,0.1359613034527937,0.0,0.0,0.0,-0.034679964312746676,0.0,0.0933009865114086,0.2857142857142857,86
AGNCN,0.09255435548355115,0.0,0.0,0.0,-0.011787273300745901,0.0,0.06646894828747689,0.2857142857142857,88
AIFF,0.14775574678217301,0.0,0.0,0.0,-0.03143617930888377,0.0,0.10295776525940882,0.2857142857142857,90
ALL,0.370540568353935,0.0,0.0,0.0,-0.02675691063134387,0.0,0.2712161986076153,0.2857142857142857,90
AMC,0.07844549862465222,0.0,0.0,0.0,-0.4295964626217942,0.0,-0.048564991686959394,0.2857142857142857,90
AMIX,0.26441565131987527,0.0,0.0,0.0,0.3569516373850737,0.0,0.28754964783617487,0.2857142857142857,89
AMR,0.24180413666786277,0.0,0.0,0.0,0.002984034364390076,0.0,0.18209911109199461,0.2857142857142857,90
ANIP,0.14545614817988034,0.0,0.0,0.0,-0.23576214678899848,0.0,0.05015157443766063,0.2857142857142857,90
APAM,0.12165090512032142,0.0,0.0,0.0,-0.26773452610687415,0.0,0.024304547313522527,0.2857142857142857,90
APP,0.08353001432089485,0.0,0.0,0.0,-0.2315214348843979,0.0,0.004767152019571654,0.2857142857142857,90
ARCC,0.08409035062582243,0.0,0.0,0.0,-0.1839791039669086,0.0,0.01707298697763966,0.2857142857142857,90
ARKO,0.12662654094444398,0.0,0.0,0.0,-0.2831431579735478,0.0,0.02418411621494603,0.2857142857142857,90
ARMK,0.15222153268205466,0.0,0.0,0.0,-0.22570697590831712,0.0,0.0577394055344617,0.2857142857142857,90
ATEX,0.3280790965927996,0.0,0.0,0.0,0.02164164199726425,0.0,0.2514697329439158,0.2857142857142857,90
ATI,0.3640459864343755,0.0,0.0,0.0,-0.02712591306786655,0.0,0.26625301155881503,0.2857142857142857,90
ATNM,0.17728770605656774,0.0,0.0,0.0,0.3627074675780514,0.0,0.22364264643693865,0.2857142857142857,90
AVNS,0.14257137362228256,0.0,0.0,0.0,-0.2214198661951656,0.0,0.05157356366792051,0.2857142857142857,90
B,0.3740592566651166,0.0,0.0,0.0,0.18063800091602805,0.0,0.3257039427278445,0.2857142857142857,90
BANX,0.16884579377197817,0.0,0.0,0.0,0.0594253786433163,0.0,0.1414906899898127,0.2857142857142857,86
BBNX,0.4071254881304377,0.0,0.0,0.0,0.26042578691144186,0.0,0.3704505628256888,0.2857142857142857,90
BCAL,0.29620464964770893,0.0,0.0,0.0,-0.15426715296466192,0.0,0.1835866989946162,0.2857142857142857,90
BEEM,0.09798002973075057,0.0,0.0,0.0,-0.08223147658200325,0.0,0.05292715315256211,0.2857142857142857,90
BHR,0.2883765745375743,0.0,0.0,0.0,0.09199011800350929,0.0,0.23927996040405805,0.2857142857142857,90
BIIB,0.4040822043081915,0.0,0.0,0.0,0.09284676859714393,0.0,0.32627334538042957,0.2857142857142857,90
BLK,0.1179515009464991,0.0,0.0,0.0,-0.252278999192454,0.0,0.02539387591176082,0.2857142857142857,90
BLMN,0.10762671575663657,0.0,0.0,0.0,-0.4504734600675335,0.0,-0.031898328199405974,0.2857142857142857,90
BOH,0.19534052404867994,0.0,0.0,0.0,-0.17100437002537827,0.0,0.10375430053016536,0.2857142857142857,90
BRLT,0.10492933960091176,0.0,0.0,0.0,-0.7250170661541441,0.0,-0.10255726183785223,0.2857142857142857,89
BRO,0.12982409117570406,0.0,0.0,0.0,-0.07637521267942958,0.0,0.07827426521192064,0.2857142857142857,90
BTZ,0.14016335767950588,0.0,0.0,0.0,-0.09957806953405896,0.0,0.08022800087611467,0.2857142857142857,90
AA,0.29937137138311076,0.0,0.0,0.0,-0.1895103716954997,0.0,0.17715093561345815,0.2857142857142857,90
AAL,0.24406657940895352,0.0,0.0,0.0,-0.2794969337766395,0.0,0.11317570111255526,0.2857142857142857,90
ABEO,0.15013628842157906,0.0,0.0,0.0,-0.35306658434049476,0.0,0.02433557023106059,0.2857142857142857,90
ABP,0.44828051080196035,0.0,0.0,0.0,0.053934322779408794,0.0,0.3496939637963225,0.2857142857142857,89
ACLS,0.11966361220610881,0.0,0.0,0.0,-0.27762691398908146,0.0,0.02034098065731123,0.2857142857142857,90
AEMD,0.27657084900777246,0.0,0.0,0.0,-0.7307023038514183,0.0,0.024752560792974724,0.2857142857142857,88
AFG,0.32316645245190234,0.0,0.0,0.0,-0.2059427718563566,0.0,0.19088914637483761,0.2857142857142857,90
AGH,0.19674615290057235,0.0,0.0,0.0,-0.39096218502904023,0.0,0.049819068418169195,0.2857142857142857,89
AGNCM,0.1109715299116794,0.0,0.0,0.0,0.01629183737811509,0.0,0.08730160677828831,0.2857142857142857,89
ALX,0.14687856136642904,0.0,0.0,0.0,-0.1703276276415701,0.0,0.06757701411442925,0.2857142857142857,89
AMKR,0.3194987100909092,0.0,0.0,0.0,-0.08117269895953909,0.0,0.21933085782829712,0.2857142857142857,90
AMRC,0.11598141760633215,0.0,0.0,0.0,-0.07047308547725657,0.0,0.06936779183543498,0.2857142857142857,90
AMSC,0.09623843712280367,0.0,0.0,0.0,-0.3540749144187407,0.0,-0.01633990076258245,0.2857142857142857,90
AMZN,0.31893560414959293,0.0,0.0,0.0,-0.3047749020572407,0.0,0.16300797759788452,0.2857142857142857,90
ANGO,0.19484286334979914,0.0,0.0,0.0,-0.16500871100378098,0.0,0.10487996976140408,0.2857142857142857,90
ANIK,0.19857970778896225,0.0,0.0,0.0,-0.27084711851672155,0.0,0.08122300121254128,0.2857142857142857,90
AOSL,0.1751880414865855,0.0,0.0,0.0,-0.07940805629901866,0.0,0.11153901704018446,0.2857142857142857,90
AOUT,0.09808139218700697,0.0,0.0,0.0,-0.060992899105232035,0.0,0.058312819363947214,0.2857142857142857,90
APPF,0.14791091970259174,0.0,0.0,0.0,-0.46280263446337905,0.0,-0.004767468838900974,0.2857142857142857,90
APPS,0.16872045641173444,0.0,0.0,0.0,-0.5851130760616191,0.0,-0.019737926706603962,0.2857142857142857,90
APVO,0.09003505373958019,0.0,0.0,0.0,-0.6315225053651795,0.0,-0.09035433603660975,0.2857142857142857,90
APYX,0.46187826980493446,0.0,0.0,0.0,-0.1163222210286124,0.0,0.3173281470965478,0.2857142857142857,89
ARAY,0.08018690609512456,0.0,0.0,0.0,-0.6715239282944881,0.0,-0.10774080250227865,0.2857142857142857,90
ARDC,0.1906451924711555,0.0,0.0,0.0,-0.13756171941090653,0.0,0.10859346450063996,0.2857142857142857,90
ARHS,0.10072312575556316,0.0,0.0,0.0,-0.14899178224227108,0.0,0.0382943987561046,0.2857142857142857,90
ASPI,0.10371123269872157,0.0,0.0,0.0,-0.28913220671102186,0.0,0.0055003728462856985,0.2857142857142857,90
AZTA,0.1449880800985134,0.0,0.0,0.0,0.025086739292881893,0.0,0.11501274489710553,0.2857142857142857,90
AZZ,0.1748599697904779,0.0,0.0,0.0,0.0734084274109675,0.0,0.14949708419560032,0.2857142857142857,90
BBW,0.0840488912284642,0.0,0.0,0.0,-0.17347096384221836,0.0,0.019668927460793555,0.2857142857142857,90
BCAX,0.21911497014814757,0.0,0.0,0.0,0.3088722533169416,0.0,0.2415542909403461,0.2857142857142857,90
BDSX,0.31238493881703333,0.0,0.0,0.0,-0.5515622094078471,0.0,0.09639815176081322,0.2857142857142857,89
BE,0.31370264153495986,0.0,0.0,0.0,0.25573880513669345,0.0,0.29921168243539326,0.2857142857142857,90
BENF,0.2126152854759027,0.0,0.0,0.0,0.45755505857508877,0.0,0.27385022875069925,0.2857142857142857,89
BFZ,0.11432345460916278,0.0,0.0,0.0,-0.03656348282011434,0.0,0.0766017202518435,0.2857142857142857,89
BLNE,0.12222460149185914,0.0,0.0,0.0,-0.5419669693386792,0.0,-0.04382329121577546,0.2857142857142857,90
BRW,0.09214024874911866,0.0,0.0,0.0,-0.04898038211464524,0.0,0.05686009103317769,0.2857142857142857,89
BSM,0.23374698500313879,0.0,0.0,0.0,-0.02012905231339405,0.0,0.1702779756740056,0.2857142857142857,90
BTOC,0.06226848877623701,0.0,0.0,0.0,-0.8437244277969772,0.0,-0.16422974036706658,0.2857142857142857,89
AAME,0.14706232050317972,0.0,0.0,0.0,-0.8561351016404783,0.0,-0.10373703503273483,0.2857142857142857,89
ABBV,0.4234039379743065,0.0,0.0,0.0,0.01205331438224288,0.0,0.32056628207629057,0.2857142857142857,90
ABOS,0.1363457905763527,0.0,0.0,0.0,-0.5983722781099544,0.0,-0.04733372659522409,0.2857142857142857,90
ACI,0.09501671404774684,0.0,0.0,0.0,-0.03477584018321644,0.0,0.06256857549000602,0.2857142857142857,90
AD,0.07708214776591904,0.0,0.0,0.0,-0.003313440491583835,0.0,0.05698325070154332,0.2857142857142857,90
ADP,0.12186896011159135,0.0,0.0,0.0,-0.08347253253449656,0.0,0.07053358695006938,0.2857142857142857,90
AGCO,0.0635526793747995,0.0,0.0,0.0,-0.22956324631301014,0.0,-0.009726302047152921,0.2857142857142857,90
AIV,0.14134258997294333,0.0,0.0,0.0,-0.044063160370824715,0.0,0.09499115238700132,0.2857142857142857,90
AIZN,0.14355560405640977,0.0,0.0,0.0,0.10296045813917033,0.0,0.13340681757709993,0.2857142857142857,87
ALEC,0.10885048338182866,0.0,0.0,0.0,0.12435300177159686,0.0,0.11272611297927071,0.2857142857142857,90
ALRS,0.06677554270206312,0.0,0.0,0.0,-0.11565120646235608,0.0,0.02116885541095832,0.2857142857142857,90
AMBC,0.328852575144794,0.0,0.0,0.0,-0.2540207025948047,0.0,0.1831342557098943,0.2857142857142857,90
AMG,0.33745691191364924,0.0,0.0,0.0,-0.094223209573432,0.0,0.2295368815418789,0.2857142857142857,90
AMRX,0.34007622611985855,0.0,0.0,0.0,-0.0021691939946434685,0.0,0.25451487109123305,0.2857142857142857,90
ASMB,0.4449881498725653,0.0,0.0,0.0,0.3343535932860351,0.0,0.4173295107259328,0.2857142857142857,90
ASTI,0.1143106983027828,0.0,0.0,0.0,-0.07630399167692097,0.0,0.06665702580785686,0.2857142857142857,89
ASUR,0.20490575249010728,0.0,0.0,0.0,-0.07366704282721129,0.0,0.13526255366077766,0.2857142857142857,90
ATOM,0.11651125903019977,0.0,0.0,0.0,-0.23467424086403516,0.0,0.028714884056641025,0.2857142857142857,90
ATR,0.12323013674244611,0.0,0.0,0.0,-0.08841510523146617,0.0,0.07031882624896804,0.2857142857142857,90
ATXS,0.2620808454408762,0.0,0.0,0.0,0.00804487873105172,0.0,0.19857185376342007,0.2857142857142857,90
AVAL,0.282227815808056,0.0,0.0,0.0,-0.1675986330863862,0.0,0.16977120358444545,0.2857142857142857,89
AVPT,0.11233888517623189,0.0,0.0,0.0,-0.0824412097379923,0.0,0.06364386144767585,0.2857142857142857,90
AVTX,0.29809515624388183,0.0,0.0,0.0,0.7353407574769999,0.0,0.40740655655216135,0.2857142857142857,90
BALY,0.2587339785911265,0.0,0.0,0.0,0.15705335030995385,0.0,0.23331382152083333,0.2857142857142857,89
BEAM,0.11567833236952442,0.0,0.0,0.0,-0.15460339140478913,0.0,0.04810790142594603,0.2857142857142857,90
BEN,0.1371729159874944,0.0,0.0,0.0,-0.18630820385627658,0.0,0.05630263602655164,0.2857142857142857,90
BFC,0.018559726654290423,0.0,0.0,0.0,-0.2039572777645388,0.0,-0.0370695244504169,0.2857142857142857,88
BILL,0.16897404095746288,0.0,0.0,0.0,-0.15736402854298392,0.0,0.08738952358235118,0.2857142857142857,90
BIT,0.11584185016665999,0.0,0.0,0.0,-0.08696701131454132,0.0,0.06513963479635966,0.2857142857142857,90
BJRI,0.34309901580993224,0.0,0.0,0.0,-0.31418443090073706,0.0,0.17877815413226492,0.2857142857142857,90
BLFY,0.10942596985148834,0.0,0.0,0.0,-0.2537929647914088,0.0,0.018621236190764046,0.2857142857142857,89
BLNK,0.11101817130121726,0.0,0.0,0.0,-0.29978044325783804,0.0,0.008318517661453419,0.2857142857142857,90
BNTC,0.1652084057838786,0.0,0.0,0.0,-0.009527150759658404,0.0,0.12152451664799434,0.2857142857142857,89
BNZI,0.10893605621213914,0.0,0.0,0.0,-0.5804111049428522,0.0,-0.06340073407660872,0.2857142857142857,90
BOX,0.15948568286805484,0.0,0.0,0.0,-0.4186253024388166,0.0,0.014957936541336954,0.2857142857142857,90
BSET,0.10469070187848696,0.0,0.0,0.0,0.020679574673646135,0.0,0.08368792007727675,0.2857142857142857,89
BSLK,0.041477809136531596,0.0,0.0,0.0,-0.7480824286440504,0.0,-0.15591225030861394,0.2857142857142857,90
A,0.26432505536047396,0.0,0.0,0.0,-0.08356361385461847,0.0,0.17735288805670082,0.2857142857142857,90
AB,0.21735937868050598,0.0,0.0,0.0,-0.032733892877353336,0.0,0.15483606079104117,0.2857142857142857,89
ABL,0.310605408200782,0.0,0.0,0.0,-0.37491239077112204,0.0,0.13922595845780597,0.2857142857142857,90
ACA,0.3515637560051995,0.0,0.0,0.0,-0.08637707932007921,0.0,0.24207854717387983,0.2857142857142857,90
ADGM,0.0966074387880393,0.0,0.0,0.0,0.3221085752572401,0.0,0.1529827229053395,0.2857142857142857,88
ADI,0.13298885176525962,0.0,0.0,0.0,-0.11319224867909435,0.0,0.07144357665417113,0.2857142857142857,90
AEYE,0.08554559007401523,0.0,0.0,0.0,-0.008524942665370822,0.0,0.06202795688916872,0.2857142857142857,90
AHCO,0.24312462765447398,0.0,0.0,0.0,-0.10179670989400005,0.0,0.1568942932673555,0.2857142857142857,90
AIRS,0.11861804292438909,0.0,0.0,0.0,-0.9024361298295148,0.0,-0.13664550026408692,0.2857142857142857,90
AM,0.2344035726502947,0.0,0.0,0.0,0.0,0.0,0.17580267948772105,0.2857142857142857,90
AMP,0.10040167679620352,0.0,0.0,0.0,-0.10374218131214029,0.0,0.04936571226911756,0.2857142857142857,90
AOS,0.0913795675007438,0.0,0.0,0.0,-0.18511399011350937,0.0,0.022256178097180505,0.2857142857142857,90
APA,0.3840020941496033,0.0,0.0,0.0,-0.13184589627527227,0.0,0.25504009654338444,0.2857142857142857,90
APPN,0.459332070367677,0.0,0.0,0.0,-0.21166744262723472,0.0,0.2915821921189491,0.2857142857142857,90
ARMP,0.44285435623940045,0.0,0.0,0.0,0.664666473568152,0.0,0.4983073855715883,0.2857142857142857,89
ARTW,0.11034910159207961,0.0,0.0,0.0,-0.24907349039413157,0.0,0.020493453595526807,0.2857142857142857,89
ASH,0.2127202097861566,0.0,0.0,0.0,-0.3641681489223801,0.0,0.06849812010902243,0.2857142857142857,90
ASST,0.13340981999796858,0.0,0.0,0.0,-0.3925805843618471,0.0,0.0019122189080146431,0.2857142857142857,90
AVAH,0.1576023308492021,0.0,0.0,0.0,-0.05556332284901917,0.0,0.10431091742464679,0.2857142857142857,90
AWI,0.11276156566724875,0.0,0.0,0.0,-0.12084972176374864,0.0,0.05435874380949939,0.2857142857142857,90
AX,0.06946344270536275,0.0,0.0,0.0,-0.1678714656620088,0.0,0.010129715613519859,0.2857142857142857,90
AXTA,0.18766063191651353,0.0,0.0,0.0,-0.30050761779585744,0.0,0.06561856948842078,0.2857142857142857,90
BAER,0.2608657736459437,0.0,0.0,0.0,-0.07961835547920075,0.0,0.1757447413646576,0.2857142857142857,90
BANC,0.19241330390934308,0.0,0.0,0.0,-0.029386010811542306,0.0,0.13696347522912172,0.2857142857142857,90
BAND,0.0862442169606496,0.0,0.0,0.0,-0.17090053237629632,0.0,0.02195802962641311,0.2857142857142857,90
BBY,0.12117665125215768,0.0,0.0,0.0,-0.1179182689723302,0.0,0.06140292119603571,0.2857142857142857,90
BCC,0.08891625327742755,0.0,0.0,0.0,-0.13902720276886663,0.0,0.03193038926585401,0.2857142857142857,90
BDN,0.15362478000762633,0.0,0.0,0.0,-0.10749671335614265,0.0,0.08834440666668408,0.2857142857142857,90
BFST,0.3238028155827521,0.0,0.0,0.0,-0.09907746279757915,0.0,0.21808274598766927,0.2857142857142857,90
BGS,0.21412405660891803,0.0,0.0,0.0,-0.15800569166536477,0.0,0.12109161954034733,0.2857142857142857,90
BHRB,0.20777547805660027,0.0,0.0,0.0,-0.21183543860592657,0.0,0.10287274889096855,0.2857142857142857,88
BIRD,0.12023350603809227,0.0,0.0,0.0,-0.7645856609666437,0.0,-0.10097128571309175,0.2857142857142857,89
BMBL,0.09726301941695276,0.0,0.0,0.0,-0.43651268106170005,0.0,-0.036180905702710466,0.2857142857142857,90
BMEA,0.057024123329379464,0.0,0.0,0.0,-0.6482073390425864,0.0,-0.11928374226361203,0.2857142857142857,90
BRZE,0.12271906383653987,0.0,0.0,0.0,-0.17280109556401657,0.0,0.048839023986400755,0.2857142857142857,90
BTM,0.10495218369198399,0.0,0.0,0.0,-0.7086769304243484,0.0,-0.09845509483709915,0.2857142857142857,90
BTOG,0.07914542602330561,0.0,0.0,0.0,-0.32055138886927265,0.0,-0.020778777699838966,0.2857142857142857,90
BTU,0.22807458177242634,0.0,0.0,0.0,-0.23852611196461337,0.0,0.1114244083381664,0.2857142857142857,90
AAON,0.16557580046513187,0.0,0.0,0.0,-0.17726897281606166,0.0,0.0798646071448335,0.2857142857142857,90
ABR,0.128271009100749,0.0,0.0,0.0,-0.1797439347945905,0.0,0.05126727312691413,0.2857142857142857,90
ACCO,0.1651006646676967,0.0,0.0,0.0,-0.2395087228628102,0.0,0.06394831778506997,0.2857142857142857,90
ACHC,0.043357522380826546,0.0,0.0,0.0,-0.49833873069089085,0.0,-0.09206654088710282,0.2857142857142857,90
AGAE,0.07907866948956137,0.0,0.0,0.0,-0.45996477594911606,0.0,-0.055682191870108005,0.2857142857142857,88
AGNCO,0.10955907179694596,0.0,0.0,0.0,0.003958807505644451,0.0,0.08315900572412058,0.2857142857142857,88
AIP,0.275023457629845,0.0,0.0,0.0,-0.19363821501863768,0.0,0.1578580394677243,0.2857142857142857,90
AIZ,0.32949769402003143,0.0,0.0,0.0,-0.05541556618870522,0.0,0.23326937896784725,0.2857142857142857,90
ALKT,0.13125160988170784,0.0,0.0,0.0,0.20144107141232453,0.0,0.148798975264362,0.2857142857142857,90
ALTO,0.4838705026352662,0.0,0.0,0.0,0.43133726987558413,0.0,0.47073719444534573,0.2857142857142857,89
AMPH,0.2956300755470205,0.0,0.0,0.0,-0.19088456266925585,0.0,0.1740014159929514,0.2857142857142857,90
AMRK,0.20063571191545318,0.0,0.0,0.0,0.05299548987008083,0.0,0.1637256564041101,0.2857142857142857,90
AMTX,0.14035772458511678,0.0,0.0,0.0,-0.5839135443178193,0.0,-0.040710092640617264,0.2857142857142857,90
AMWD,0.059683600955128924,0.0,0.0,0.0,-0.3161187916517402,0.0,-0.03426699719658838,0.2857142857142857,90
APEI,0.3165706389266751,0.0,0.0,0.0,0.11434885644278016,0.0,0.2660151933057014,0.2857142857142857,90
APLM,0.30491881551958877,0.0,0.0,0.0,-0.7394060608675137,0.0,0.04383759642281313,0.2857142857142857,89
APLT,0.13308676141124715,0.0,0.0,0.0,-0.024861660830495173,0.0,0.09359965585081156,0.2857142857142857,90
ARR,0.2345645483140569,0.0,0.0,0.0,-0.037735018716279836,0.0,0.16648965655647271,0.2857142857142857,90
ASO,0.06107776930215977,0.0,0.0,0.0,-0.27326069545196807,0.0,-0.0225068468863722,0.2857142857142857,90
ATEN,0.1143237724869403,0.0,0.0,0.0,-0.1593549045493954,0.0,0.04590410322785636,0.2857142857142857,90
ATRA,0.2297268007361235,0.0,0.0,0.0,0.6031340816740257,0.0,0.3230786209705991,0.2857142857142857,89
AUR,0.11036451027596023,0.0,0.0,0.0,-0.37270970577342527,0.0,-0.010404043736386164,0.2857142857142857,90
AUUD,0.02397495259859298,0.0,0.0,0.0,-0.4256281972349944,0.0,-0.08842583485980388,0.2857142857142857,89
AXSM,0.36155506680282046,0.0,0.0,0.0,0.3399567338068487,0.0,0.35615548355382753,0.2857142857142857,90
BAH,0.0680331893842716,0.0,0.0,0.0,-0.2208716175049182,0.0,-0.004193012338025868,0.2857142857142857,90
BATL,0.2618237349997213,0.0,0.0,0.0,0.02221856496567398,0.0,0.20192244249120944,0.2857142857142857,88
BDC,0.07754919487025631,0.0,0.0,0.0,-0.12553139676001673,0.0,0.026779046962688045,0.2857142857142857,90
BDTX,0.3304889304445253,0.0,0.0,0.0,-0.5670586724500656,0.0,0.10610202972087758,0.2857142857142857,90
BEPC,0.33776048199360004,0.0,0.0,0.0,0.004769818345965659,0.0,0.25451281608169146,0.2857142857142857,90
BIVI,0.019647733061615585,0.0,0.0,0.0,-0.35322832466364024,0.0,-0.07357128136969839,0.2857142857142857,89
BKTI,0.12619939435560534,0.0,0.0,0.0,-0.49138946384059706,0.0,-0.028197820193445276,0.2857142857142857,88
BLW,0.16127827408684708,0.0,0.0,0.0,-0.06809260034558354,0.0,0.10393555547873944,0.2857142857142857,89
BMEZ,0.1780867238919195,0.0,0.0,0.0,-0.10984904817849998,0.0,0.10610278087431463,0.2857142857142857,90
BMY,0.3089234132617913,0.0,0.0,0.0,-0.2853371578508077,0.0,0.16035827048364154,0.2857142857142857,90
BNGO,0.03659836489814879,0.0,0.0,0.0,0.183701522390757,0.0,0.07337415427130085,0.2857142857142857,90
BNKK,0.034447565848506945,0.0,0.0,0.0,-0.7147972153075126,0.0,-0.15286362944049797,0.2857142857142857,90
BRN,0.10883347114164182,0.0,0.0,0.0,-0.27711358485934356,0.0,0.012346707141395465,0.2857142857142857,87
ABSI,0.13541520491155148,0.0,0.0,0.0,0.4178428779698644,0.0,0.20602212317612972,0.2857142857142857,90
ADT,0.1194566490891553,0.0,0.0,0.0,-0.2952390504778309,0.0,0.015782724197408744,0.2857142857142857,90
ADV,0.13397982816408385,0.0,0.0,0.0,-0.5963735554792425,0.0,-0.04860851774674777,0.2857142857142857,90
ADX,0.2931628505847441,0.0,0.0,0.0,0.01820707085313163,0.0,0.224423905651841,0.2857142857142857,90
AERT,0.16791509393638768,0.0,0.0,0.0,-0.24491866240370935,0.0,0.06470665485136343,0.2857142857142857,87
AIN,0.11917409645867948,0.0,0.0,0.0,-0.3076881319618727,0.0,0.01245853935354141,0.2857142857142857,90
AISPW,0.10879750804832095,0.0,0.0,0.0,-0.6059391538160445,0.0,-0.06988665741777043,0.2857142857142857,89
AJG,0.16242873059334118,0.0,0.0,0.0,-0.15512140164610272,0.0,0.0830411975334802,0.2857142857142857,90
ALB,0.4530872742018308,0.0,0.0,0.0,0.4495294106333284,0.0,0.4521978083097052,0.2857142857142857,90
ALT,0.367375485305663,0.0,0.0,0.0,0.5651678235512309,0.0,0.416823569867055,0.2857142857142857,90
AMAL,0.2770779124198908,0.0,0.0,0.0,-0.0287586983558057,0.0,0.20061875972596668,0.2857142857142857,90
AMN,0.09072987041750175,0.0,0.0,0.0,-0.09006978557490501,0.0,0.045529956419400046,0.2857142857142857,90
APG,0.34218841302696695,0.0,0.0,0.0,-0.016654023001338548,0.0,0.2524778040198906,0.2857142857142857,90
ARCB,0.06535689740426773,0.0,0.0,0.0,-0.3321554065990854,0.0,-0.03402117859657056,0.2857142857142857,90
ARTL,0.1046501512232163,0.0,0.0,0.0,-0.16075552020796788,0.0,0.03829873336542025,0.2857142857142857,89
ARVN,0.4870937811329488,0.0,0.0,0.0,0.6040225260026503,0.0,0.5163259673503743,0.2857142857142857,90
ASA,0.31623403583101356,0.0,0.0,0.0,-0.19362250644070145,0.0,0.1887699002630848,0.2857142857142857,89
ATHA,0.35645967031132675,0.0,0.0,0.0,0.1682366359997986,0.0,0.3094039117334447,0.2857142857142857,89
AVK,0.19224585729372087,0.0,0.0,0.0,-0.17744722844731858,0.0,0.09982258585846099,0.2857142857142857,90
AVXL,0.06874600293148563,0.0,0.0,0.0,-0.9518285019429299,0.0,-0.18639762328711829,0.2857142857142857,90
AWK,0.1692780067286673,0.0,0.0,0.0,-0.1661389379815621,0.0,0.08542377055110996,0.2857142857142857,90
BACQR,0.2939359787179168,0.0,0.0,0.0,0.35595452001184086,0.0,0.30944061404139783,0.2857142857142857,88
BANR,0.07118854728700104,0.0,0.0,0.0,-0.118259137969268,0.0,0.023826625972933772,0.2857142857142857,90
BATRK,0.13622073922285868,0.0,0.0,0.0,-0.04989368576260481,0.0,0.0896921329764928,0.2857142857142857,90
BBWI,0.05765245312416639,0.0,0.0,0.0,-0.21497379656791954,0.0,-0.0105041092988551,0.2857142857142857,90
BCO,0.1799941591103825,0.0,0.0,0.0,-0.15756707622337845,0.0,0.09560385027694226,0.2857142857142857,90
BDX,0.3648187775052196,0.0,0.0,0.0,-0.045550142461286316,0.0,0.26222654751359314,0.2857142857142857,90
BHFAM,0.1220487160909745,0.0,0.0,0.0,-0.19859667793622532,0.0,0.04188736758417453,0.2857142857142857,89
BJ,0.15105165555291625,0.0,0.0,0.0,-0.13848098645369894,0.0,0.07866849505126244,0.2857142857142857,90
BKNG,0.09955507473317801,0.0,0.0,0.0,-0.3629897157861974,0.0,-0.016081122896665846,0.2857142857142857,90
BMRN,0.1628519728625524,0.0,0.0,0.0,-0.1550329144715002,0.0,0.08338075102903925,0.2857142857142857,90
BNBX,0.08787894647801851,0.0,0.0,0.0,-0.7702183690527925,0.0,-0.1266453824046843,0.2857142857142857,88
BODI,0.4903074218264122,0.0,0.0,0.0,0.8841152961373029,0.0,0.5887593904041349,0.2857142857142857,87
BOF,0.2676901727846072,0.0,0.0,0.0,-0.6140573538383685,0.0,0.04725329112886326,0.2857142857142857,89
BOKF,0.18392314198540502,0.0,0.0,0.0,-0.05567337746595697,0.0,0.12402401212256453,0.2857142857142857,90
BOLD,0.1146560989080102,0.0,0.0,0.0,-0.440169441598755,0.0,-0.02405028621868111,0.2857142857142857,89
BRY,0.1655572128094399,0.0,0.0,0.0,-0.17024578189205877,0.0,0.08160646413406523,0.2857142857142857,90
BTA,0.15686419136319027,0.0,0.0,0.0,-0.03156845439694355,0.0,0.1097560299231568,0.2857142857142857,87
ABT,0.2801844534029968,0.0,0.0,0.0,-0.11819780440440245,0.0,0.180588888951147,0.2857142857142857,90
ACDC,0.1643268677419676,0.0,0.0,0.0,-0.19373131301268426,0.0,0.07481232255330464,0.2857142857142857,90
ADEA,0.09248601227792318,0.0,0.0,0.0,-0.3914326994673535,0.0,-0.028493665658395995,0.2857142857142857,90
ADIL,0.14447970324663048,0.0,0.0,0.0,0.009514460744850474,0.0,0.11073839262118547,0.2857142857142857,89
AEO,0.30263130181594,0.0,0.0,0.0,-0.014244050788407191,0.0,0.2234124636648532,0.2857142857142857,90
AES,0.16834490909793715,0.0,0.0,0.0,0.03838639600600762,0.0,0.13585528082495477,0.2857142857142857,90
AFRM,0.14671667000499963,0.0,0.0,0.0,-0.48897600092031196,0.0,-0.012206497726328288,0.2857142857142857,90
AGYS,0.31792873380261316,0.0,0.0,0.0,-0.0771189333802973,0.0,0.21916681700688553,0.2857142857142857,90
AKAM,0.406017602128306,0.0,0.0,0.0,-0.12007640219134678,0.0,0.27449410104839284,0.2857142857142857,90
ALLR,0.09847023577035438,0.0,0.0,0.0,-0.46376085392591704,0.0,-0.04208753665371349,0.2857142857142857,90
ALMS,0.48765097899635423,0.0,0.0,0.0,0.8476171796001385,0.0,0.5776425291473004,0.2857142857142857,90
ALTI,0.14127006194646133,0.0,0.0,0.0,-0.1271847259836426,0.0,0.07415636496393534,0.2857142857142857,90
ALTS,0.08960358835471674,0.0,0.0,0.0,-0.19484495128878743,0.0,0.018491453443840695,0.2857142857142857,90
AME,0.25516774423897004,0.0,0.0,0.0,-0.0662295708828695,0.0,0.17481841545851015,0.2857142857142857,90
ANET,0.09535254643591859,0.0,0.0,0.0,-0.20853883176881605,0.0,0.019379701884734927,0.2857142857142857,90
APLD,0.1821736660215944,0.0,0.0,0.0,0.00976319595654638,0.0,0.13907104850533242,0.2857142857142857,90
ARDX,0.3180130683866601,0.0,0.0,0.0,-0.23118896611975753,0.0,0.1807125597600557,0.2857142857142857,90
ARRY,0.1469186607700167,0.0,0.0,0.0,-0.3056947949185429,0.0,0.03376529684787679,0.2857142857142857,90
ASPN,0.049817076803605254,0.0,0.0,0.0,-0.20660976482665222,0.0,-0.014289633603959124,0.2857142857142857,90
ATGE,0.10853633145993001,0.0,0.0,0.0,-0.030105126481185577,0.0,0.07387596697465111,0.2857142857142857,90
ATLCP,0.12169486425943911,0.0,0.0,0.0,-0.07053934453100277,0.0,0.07363631206182865,0.2857142857142857,88
ATYR,0.04516533992020418,0.0,0.0,0.0,-0.26866163625109124,0.0,-0.03329140412261968,0.2857142857142857,90
AUB,0.08885416898286291,0.0,0.0,0.0,-0.07165462867675781,0.0,0.048726969567957724,0.2857142857142857,90
AWRE,0.12294978095007982,0.0,0.0,0.0,-0.4995109156314987,0.0,-0.03266539319531483,0.2857142857142857,89
AXON,0.0751041980788473,0.0,0.0,0.0,-0.23292430944155626,0.0,-0.0019029288012535966,0.2857142857142857,90
BATRA,0.11297755834148203,0.0,0.0,0.0,0.023149508612797107,0.0,0.0905205459093108,0.2857142857142857,89
BCAB,0.4975944644799876,0.0,0.0,0.0,0.9991566463350123,0.0,0.6229850099437438,0.2857142857142857,90
BEAGR,0.2450079270425733,0.0,0.0,0.0,-0.7205317527482026,0.0,0.0036230070948793107,0.2857142857142857,86
BELFA,0.2580935448186216,0.0,0.0,0.0,0.009365309694766606,0.0,0.19591148603765784,0.2857142857142857,87
BGY,0.16685200084931592,0.0,0.0,0.0,-0.15011026522107376,0.0,0.08761143433171852,0.2857142857142857,90
BIO,0.23593279325267147,0.0,0.0,0.0,-0.18950989413618297,0.0,0.12957212140545785,0.2857142857142857,90
BIOA,0.4137844630767393,0.0,0.0,0.0,0.3482056665180973,0.0,0.39738976393707875,0.2857142857142857,90
BIPC,0.27558278102418077,0.0,0.0,0.0,-0.20319405996410073,0.0,0.1558885707771104,0.2857142857142857,90
BKE,0.16610732941120862,0.0,0.0,0.0,-0.0587244448375876,0.0,0.10989938584900956,0.2857142857142857,90
BNAI,0.2124692071763722,0.0,0.0,0.0,-0.115940015013859,0.0,0.1303669016288144,0.2857142857142857,89
BNY,0.1535634023790743,0.0,0.0,0.0,-0.03436759900331311,0.0,0.10658065203347744,0.2857142857142857,89
BOC,0.1801832717006079,0.0,0.0,0.0,-0.020240150415306,0.0,0.13007741617162943,0.2857142857142857,90
BOE,0.14663534839418058,0.0,0.0,0.0,-0.10685841266077034,0.0,0.08326190813044285,0.2857142857142857,90
BRBS,0.15330068029050162,0.0,0.0,0.0,-0.24160590776978771,0.0,0.05457403327542927,0.2857142857142857,90
BRKR,0.2997177882398605,0.0,0.0,0.0,0.19567111618992258,0.0,0.27370612022737606,0.2857142857142857,90
BSL,0.14494424814334403,0.0,0.0,0.0,-0.0018050521912051,0.0,0.10825692305970674,0.2857142857142857,90
BTAI,0.08921808060742757,0.0,0.0,0.0,0.4360068603240902,0.0,0.17591527553659325,0.2857142857142857,90
BTBT,0.1295926929757894,0.0,0.0,0.0,-0.5979820004989416,0.0,-0.05230098039289336,0.2857142857142857,90
ABCB,0.1533766628530449,0.0,0.0,0.0,-0.035157917050922007,0.0,0.10624301787705318,0.2857142857142857,90
ACCS,0.09209251183597925,0.0,0.0,0.0,-0.4293491772158621,0.0,-0.0382679104269811,0.2857142857142857,86
ACR,0.35498588145155957,0.0,0.0,0.0,-0.12073343422106574,0.0,0.23605605253340325,0.2857142857142857,89
ACVA,0.12177415278106947,0.0,0.0,0.0,0.20098782969060378,0.0,0.14157757200845306,0.2857142857142857,90
ADM,0.2515571121346976,0.0,0.0,0.0,-0.04883490124571684,0.0,0.17645910878959398,0.2857142857142857,90
ADVM,0.1817046572340106,0.0,0.0,0.0,-0.029265645260588145,0.0,0.12896208161036093,0.2857142857142857,90
AEVA,0.1161298688414844,0.0,0.0,0.0,-0.35636376129373365,0.0,-0.0019935386923201352,0.2857142857142857,90
AIO,0.13981497985600022,0.0,0.0,0.0,-0.1821003065666054,0.0,0.05933615825034881,0.2857142857142857,89
AKRO,0.2591357591667742,0.0,0.0,0.0,0.011067616690128741,0.0,0.19711872354761287,0.2857142857142857,90
AMOD,0.07385742831942667,0.0,0.0,0.0,-0.7658017853713218,0.0,-0.1360573751032605,0.2857142857142857,89
ANDE,0.3211282529286773,0.0,0.0,0.0,0.028993601540832026,0.0,0.248094590081716,0.2857142857142857,90
ANIX,0.3504657645949887,0.0,0.0,0.0,-0.05675711851435637,0.0,0.2486600438176524,0.2857142857142857,89
AORT,0.27548714408057445,0.0,0.0,0.0,-0.09633985222131584,0.0,0.18253039500510188,0.2857142857142857,90
APLS,0.1077198396823242,0.0,0.0,0.0,-0.09552229027954558,0.0,0.05690930719185675,0.2857142857142857,90
APRE,0.07684623609575458,0.0,0.0,0.0,0.08526256830658747,0.0,0.07895031914846282,0.2857142857142857,89
AREB,0.12991397563494944,0.0,0.0,0.0,-0.2459914383143884,0.0,0.03593762214761497,0.2857142857142857,89
AREC,0.2827116268524068,0.0,0.0,0.0,-0.3151489296579027,0.0,0.13324648772482942,0.2857142857142857,90
ARI,0.1382799826628906,0.0,0.0,0.0,-0.11807361705273775,0.0,0.0741915827339835,0.2857142857142857,90
ASB,0.11137458715450263,0.0,0.0,0.0,-0.13316807828996965,0.0,0.05023892079338456,0.2857142857142857,90
ATEC,0.39991555909373794,0.0,0.0,0.0,-0.14493941987044173,0.0,0.263701814352693,0.2857142857142857,90
AVGO,0.2610725295655667,0.0,0.0,0.0,0.20751761591963055,0.0,0.24768380115408267,0.2857142857142857,90
AVIR,0.257424148073331,0.0,0.0,0.0,0.14553896198613483,0.0,0.22945285155153197,0.2857142857142857,90
AWF,0.15028969536343412,0.0,0.0,0.0,-0.044301361690476666,0.0,0.10164193109995642,0.2857142857142857,90
BA,0.13564075004985618,0.0,0.0,0.0,-0.22510323841262228,0.0,0.04545475293423655,0.2857142857142857,90
BACQ,0.2208609838509371,0.0,0.0,0.0,0.08047078581945162,0.0,0.18576343434306575,0.2857142857142857,89
BAX,0.12557659278623676,0.0,0.0,0.0,-0.26726647492251604,0.0,0.02736582585904854,0.2857142857142857,90
BBSI,0.13782865456441984,0.0,0.0,0.0,-0.04619097250733148,0.0,0.09182374779648202,0.2857142857142857,90
BGMS,0.03297210553604972,0.0,0.0,0.0,-0.5486433391497995,0.0,-0.11243175563541259,0.2857142857142857,89
BGX,0.17032134822714345,0.0,0.0,0.0,-0.016933182305445344,0.0,0.12350771559399626,0.2857142857142857,89
BKD,0.37611072968783016,0.0,0.0,0.0,0.07484766363226207,0.0,0.30079496317393817,0.2857142857142857,90
BKT,0.1156253045443024,0.0,0.0,0.0,-0.10898919983977139,0.0,0.059471678448283945,0.2857142857142857,90
BLBD,0.15125515884085275,0.0,0.0,0.0,-0.10885915972513825,0.0,0.08622657919935499,0.2857142857142857,90
BLIN,0.03164115699283076,0.0,0.0,0.0,-0.767752579157676,0.0,-0.16820727704479596,0.2857142857142857,87
BR,0.2714464622261492,0.0,0.0,0.0,0.019063467105156343,0.0,0.208350713445901,0.2857142857142857,90
BRX,0.15383291910644759,0.0,0.0,0.0,-0.10359673941936691,0.0,0.08947550447499396,0.2857142857142857,90
BSRR,0.25852630706034374,0.0,0.0,0.0,-0.028992213960931212,0.0,0.186646676805025,0.2857142857142857,89
BTCS,0.15345955692509244,0.0,0.0,0.0,0.2109378823427916,0.0,0.16782913827951726,0.2857142857142857,90
BTT,0.07729947837632617,0.0,0.0,0.0,-0.047826351831873344,0.0,0.04601802082427629,0.2857142857142857,90
ACRE,0.2635381198079478,0.0,0.0,0.0,0.005122906003500762,0.0,0.198934316356836,0.2857142857142857,90
ADAM,0.17598856145862551,0.0,0.0,0.0,-0.10925779587855902,0.0,0.10467697212432937,0.2857142857142857,90
ADC,0.23525117803636017,0.0,0.0,0.0,-0.032891794245238866,0.0,0.1682154349659604,0.2857142857142857,90
AGIO,0.15036114338911383,0.0,0.0,0.0,-0.9830340763360988,0.0,-0.13298766154218938,0.2857142857142857,90
AHH,0.1417581893465837,0.0,0.0,0.0,-0.19997134253159152,0.0,0.05632580637703989,0.2857142857142857,90
ALG,0.1943039990809793,0.0,0.0,0.0,-0.2101636147841111,0.0,0.0931870956147067,0.2857142857142857,89
ALGN,0.19147692195250485,0.0,0.0,0.0,-0.2000690437723953,0.0,0.09359043052127979,0.2857142857142857,90
ALGS,0.253768447130677,0.0,0.0,0.0,0.9488811135487687,0.0,0.4275466137351999,0.2857142857142857,89
ALLY,0.10471507738310451,0.0,0.0,0.0,-0.09916283311813476,0.0,0.05374559975779469,0.2857142857142857,90
ALSN,0.1690578355480502,0.0,0.0,0.0,-0.06850214074837856,0.0,0.109667841473943,0.2857142857142857,90
ALZN,0.1477437620346738,0.0,0.0,0.0,-0.4100610796422281,0.0,0.0082925516154483,0.2857142857142857,87
AMTM,0.42782040830607015,0.0,0.0,0.0,0.6357540281217609,0.0,0.47980381325999283,0.2857142857142857,90
AMWL,0.11661519963401325,0.0,0.0,0.0,-0.06241874674751229,0.0,0.07185671303863186,0.2857142857142857,90
ANGI,0.05993731038829898,0.0,0.0,0.0,-0.3310946635034455,0.0,-0.03782068308463716,0.2857142857142857,90
APH,0.3437550181216345,0.0,0.0,0.0,0.05394963843369728,0.0,0.2713036731996502,0.2857142857142857,90
AQST,0.23652588603404176,0.0,0.0,0.0,0.4661918195751406,0.0,0.2939423694193165,0.2857142857142857,90
ARQT,0.47472252166768647,0.0,0.0,0.0,0.8030778652307438,0.0,0.5568113575584509,0.2857142857142857,90
ASAN,0.07464123122481868,0.0,0.0,0.0,-0.2512195227255733,0.0,-0.0068239572627793255,0.2857142857142857,90
ASNS,0.5318283752309942,0.0,0.0,0.0,1.0,0.0,0.6488712814232457,0.2857142857142857,89
ATKR,0.2688233276304594,0.0,0.0,0.0,0.13840218455452596,0.0,0.23621804186147602,0.2857142857142857,90
ATLO,0.31501025310896863,0.0,0.0,0.0,-0.03532930518946964,0.0,0.22742536353435905,0.2857142857142857,88
ATRC,0.19007239015945734,0.0,0.0,0.0,0.3782179799590734,0.0,0.23710878760936135,0.2857142857142857,90
AVAV,0.0967156791124249,0.0,0.0,0.0,-0.24981225850493627,0.0,0.010083694708084597,0.2857142857142857,90
AXGN,0.49197031996608137,0.0,0.0,0.0,0.2556081541179806,0.0,0.4328797785040562,0.2857142857142857,90
AYI,0.15820882850404663,0.0,0.0,0.0,-0.06384405706503032,0.0,0.10269560711177739,0.2857142857142857,90
BFIN,0.12871094596255112,0.0,0.0,0.0,-0.11344468553618843,0.0,0.06817203808786623,0.2857142857142857,89
BKR,0.31467636186582626,0.0,0.0,0.0,0.1033142518801676,0.0,0.2618358343694116,0.2857142857142857,90
BKYI,0.3857313000500066,0.0,0.0,0.0,-0.31359081682946216,0.0,0.2109007708301394,0.2857142857142857,89
BL,0.22789982877670312,0.0,0.0,0.0,-0.16657243844860256,0.0,0.1292817619703767,0.2857142857142857,90
BLBX,0.2215343123568037,0.0,0.0,0.0,0.0765168091120267,0.0,0.18527993654560948,0.2857142857142857,89
BLFS,0.10307178024471661,0.0,0.0,0.0,-0.1499247032248669,0.0,0.039822659377320734,0.2857142857142857,90
BLZE,0.07066540473541662,0.0,0.0,0.0,-0.5729884736085595,0.0,-0.09024806485057744,0.2857142857142857,90
BMI,0.1020915894784146,0.0,0.0,0.0,-0.24213946310970125,0.0,0.016033826331385632,0.2857142857142857,90
BNL,0.17486207536136963,0.0,0.0,0.0,-0.03433659232755868,0.0,0.12256240843913756,0.2857142857142857,90
BOOT,0.14678090125525298,0.0,0.0,0.0,-0.1072639232787143,0.0,0.08326969512176115,0.2857142857142857,90
BRBR,0.1910178130707594,0.0,0.0,0.0,0.4042598335829279,0.0,0.24432831819880155,0.2857142857142857,90
BTBD,0.08298105719858422,0.0,0.0,0.0,-0.4914533471763273,0.0,-0.06062754389514369,0.2857142857142857,89
ACLX,0.36538143418328245,0.0,0.0,0.0,0.12970007633392083,0.0,0.3064610947209421,0.2857142857142857,90
ADMA,0.2914049316614246,0.0,0.0,0.0,0.07623625710638707,0.0,0.2376127630226652,0.2857142857142857,90
ADSK,0.1016584049150065,0.0,0.0,0.0,-0.10094047819498034,0.0,0.05100868413750978,0.2857142857142857,90
ADTN,0.08524752513805799,0.0,0.0,0.0,-0.11065611052473816,0.0,0.03627161622235895,0.2857142857142857,90
AI,0.04084171688270247,0.0,0.0,0.0,-0.19095774189963385,0.0,-0.01710814781288162,0.2857142857142857,90
AIG,0.11884957105682245,0.0,0.0,0.0,-0.1629451315765397,0.0,0.04840089539848191,0.2857142857142857,90
AIR,0.14805729172906718,0.0,0.0,0.0,-0.08359634187745182,0.0,0.09014388332743743,0.2857142857142857,90
AISP,0.11219973286043414,0.0,0.0,0.0,-0.4822766394550499,0.0,-0.036419360218436884,0.2857142857142857,90
ALK,0.06354430380821066,0.0,0.0,0.0,-0.41444659601510825,0.0,-0.05595342114761908,0.2857142857142857,90
ALNY,0.2635154621406176,0.0,0.0,0.0,0.07959157075255788,0.0,0.21753448929360267,0.2857142857142857,90
ANAB,0.36761708240528496,0.0,0.0,0.0,0.5041747876099891,0.0,0.401756508706461,0.2857142857142857,90
ANNX,0.5085824364966242,0.0,0.0,0.0,0.9866142981514303,0.0,0.6280904019103257,0.2857142857142857,90
AP,0.3783682284268833,0.0,0.0,0.0,0.606347592713803,0.0,0.4353630694986132,0.2857142857142857,89
APD,0.22280107733768842,0.0,0.0,0.0,-0.1851576785449506,0.0,0.12081138836702866,0.2857142857142857,90
AQMS,0.2387238258453063,0.0,0.0,0.0,0.3001955546438641,0.0,0.25409175804494577,0.2857142857142857,89
ARE,0.0742272104713301,0.0,0.0,0.0,-0.2582346233218141,0.0,-0.008888247976955964,0.2857142857142857,90
ARLO,0.101764846935091,0.0,0.0,0.0,-0.5303106850572007,0.0,-0.05625403606298194,0.2857142857142857,90
ASGN,0.11037384486787624,0.0,0.0,0.0,-0.4186437339319239,0.0,-0.0218805498320738,0.2857142857142857,90
ASTC,0.10356927338126774,0.0,0.0,0.0,0.0,0.0,0.0776769550359508,0.2857142857142857,88
ASTS,0.12018941102552717,0.0,0.0,0.0,-0.2715597584176483,0.0,0.0222521186647333,0.2857142857142857,90
ASYS,0.1897569874450898,0.0,0.0,0.0,-0.08156228206112705,0.0,0.12192717006853558,0.2857142857142857,90
ATLX,0.31710533624670323,0.0,0.0,0.0,0.8947990023258467,0.0,0.46152875276648914,0.2857142857142857,90
AURA,0.09512933166888385,0.0,0.0,0.0,-0.09473765770926011,0.0,0.047662584324347855,0.2857142857142857,90
AVA,0.30629809215052195,0.0,0.0,0.0,-0.08810590058891211,0.0,0.20769709396566344,0.2857142857142857,90
AVD,0.15227150486038937,0.0,0.0,0.0,-0.5860107769126115,0.0,-0.032299065582860866,0.2857142857142857,90
AVY,0.17259090087924925,0.0,0.0,0.0,-0.21678068475012002,0.0,0.07524800447190692,0.2857142857142857,90
BCAT,0.09618926505519095,0.0,0.0,0.0,-0.19315021888317252,0.0,0.023854394070600072,0.2857142857142857,90
BEAT,0.2357546653940438,0.0,0.0,0.0,0.15499073037162242,0.0,0.21556368163843845,0.2857142857142857,88
BFK,0.1143723574416066,0.0,0.0,0.0,-0.09350688329184202,0.0,0.062402547258244435,0.2857142857142857,90
BG,0.20683823214707572,0.0,0.0,0.0,-0.19041162436559994,0.0,0.10752576801890679,0.2857142857142857,90
BGSF,0.17753050361207354,0.0,0.0,0.0,-0.10506983024882781,0.0,0.1068804201468482,0.2857142857142857,89
BH,0.2017209315798262,0.0,0.0,0.0,-0.23939566061871762,0.0,0.09144178353019024,0.2857142857142857,90
BHE,0.27575761729431547,0.0,0.0,0.0,-0.018533558700851684,0.0,0.20218482329552367,0.2857142857142857,90
BHFAO,0.2540554282267814,0.0,0.0,0.0,-0.0970761588871711,0.0,0.16627253144829326,0.2857142857142857,89
BOXL,0.053839031176105,0.0,0.0,0.0,-0.7513123648338412,0.0,-0.14744881782638158,0.2857142857142857,89
BRC,0.24537241607620686,0.0,0.0,0.0,0.10774208024891381,0.0,0.2109648321193836,0.2857142857142857,90
AAT,0.12756578080208641,0.0,0.0,0.0,-0.11689530285320528,0.0,0.0664505098882635,0.2857142857142857,90
ACAD,0.2592220185252442,0.0,0.0,0.0,-0.1167028235363496,0.0,0.16524080800984572,0.2857142857142857,90
ACRS,0.33119028391355754,0.0,0.0,0.0,0.3118384872107299,0.0,0.32635233473785064,0.2857142857142857,90
ADTX,0.3982916450723487,0.0,0.0,0.0,-0.9432974763153088,0.0,0.06289436472543432,0.2857142857142857,89
AEE,0.3122678926425135,0.0,0.0,0.0,-0.08783151298399612,0.0,0.21224304123588605,0.2857142857142857,90
AGEN,0.2769037120687535,0.0,0.0,0.0,-0.13784515437965508,0.0,0.17321649545665138,0.2857142857142857,90
AGL,0.05152543422696922,0.0,0.0,0.0,-0.6061321094449937,0.0,-0.11288895169102155,0.2857142857142857,90
AGNC,0.16970783023733066,0.0,0.0,0.0,-0.034486072504922964,0.0,0.11865935455176725,0.2857142857142857,90
AIRE,0.1480735831125816,0.0,0.0,0.0,-0.45255002417805607,0.0,-0.002082318710077844,0.2857142857142857,90
AIT,0.10748235445045853,0.0,0.0,0.0,-0.13368298250057178,0.0,0.047191020212700954,0.2857142857142857,90
AKBA,0.08661285522532401,0.0,0.0,0.0,-0.43826837048220096,0.0,-0.04460745120155724,0.2857142857142857,90
ALGM,0.08069515574877417,0.0,0.0,0.0,-0.3878379455787254,0.0,-0.03643811958310074,0.2857142857142857,90
AMCX,0.3059852559295582,0.0,0.0,0.0,0.09699478660794784,0.0,0.25373763859915566,0.2857142857142857,90
ANVS,0.47989664368694185,0.0,0.0,0.0,0.983731326156311,0.0,0.6058553143042842,0.2857142857142857,90
AR,0.3103663550549799,0.0,0.0,0.0,0.10440637253879408,0.0,0.25887635942593346,0.2857142857142857,90
AROC,0.09511196918635638,0.0,0.0,0.0,-0.011711559901271582,0.0,0.06840608691444938,0.2857142857142857,90
AROW,0.3498784350615439,0.0,0.0,0.0,-0.23825331653169743,0.0,0.20284549716323358,0.2857142857142857,88
ARW,0.054870101626458646,0.0,0.0,0.0,-0.26043578178904886,0.0,-0.02395636922741824,0.2857142857142857,90
ASG,0.195491828674658,0.0,0.0,0.0,-0.25634231467400326,0.0,0.08253329283749268,0.2857142857142857,90
ASRT,0.24873506560859446,0.0,0.0,0.0,-0.41005689072656154,0.0,0.08403707652480544,0.2857142857142857,89
ASTE,0.060903069681608066,0.0,0.0,0.0,-0.2942888091128576,0.0,-0.027894900017008357,0.2857142857142857,90
ATII,0.31937839684532493,0.0,0.0,0.0,0.08800702065023758,0.0,0.2615355527965531,0.2857142857142857,81
ATOS,0.10090559087845921,0.0,0.0,0.0,-0.2537715401456806,0.0,0.012236308122424254,0.2857142857142857,90
AVBP,0.27765138818964785,0.0,0.0,0.0,0.08868912476595014,0.0,0.23041082233372343,0.2857142857142857,90
AVNT,0.08185295773454024,0.0,0.0,0.0,-0.3185356780597901,0.0,-0.01824420121404236,0.2857142857142857,90
AWR,0.14572295316295608,0.0,0.0,0.0,-0.23320075232503717,0.0,0.05099202679095776,0.2857142857142857,90
BAC,0.2347517882831788,0.0,0.0,0.0,-0.08392312013975198,0.0,0.1550830611774461,0.2857142857142857,90
BBIO,0.41257465415374905,0.0,0.0,0.0,0.04150183213615575,0.0,0.31980644864935076,0.2857142857142857,90
BBLG,0.11078442127034945,0.0,0.0,0.0,-0.3647491173899022,0.0,-0.008098963394713473,0.2857142857142857,88
BFH,0.30526791200933256,0.0,0.0,0.0,0.039988364126080526,0.0,0.23894802503851956,0.2857142857142857,90
BGR,0.24830760054949247,0.0,0.0,0.0,-0.14860281854764265,0.0,0.1490799957752087,0.2857142857142857,90
BHK,0.1569280352381589,0.0,0.0,0.0,-0.13109229767486952,0.0,0.0849229520099018,0.2857142857142857,90
BHVN,0.11711708741587853,0.0,0.0,0.0,0.68745441156189,0.0,0.2597014184523814,0.2857142857142857,90
BKH,0.40981711469587734,0.0,0.0,0.0,-0.037688457885362014,0.0,0.2979407215505675,0.2857142857142857,90
BKKT,0.14608238348502411,0.0,0.0,0.0,-0.37730314506504636,0.0,0.015236001347506483,0.2857142857142857,90
BOOM,0.11122173360862754,0.0,0.0,0.0,-0.2822290488495277,0.0,0.01285903799408872,0.2857142857142857,90
BPOP,0.1489803634433355,0.0,0.0,0.0,-0.07893976209203096,0.0,0.09200033205949389,0.2857142857142857,90
BSY,0.03276633301627806,0.0,0.0,0.0,-0.3120907568825786,0.0,-0.053447939458436115,0.2857142857142857,90
BULL,0.04024761234299549,0.0,0.0,0.0,-0.42315055625030357,0.0,-0.0756019298053293,0.2857142857142857,90
AAPL,0.3072787477980783,0.0,0.0,0.0,-0.08330766073293035,0.0,0.20963214566532612,0.2857142857142857,90
ABNB,0.11082957430898131,0.0,0.0,0.0,-0.27260878965137825,0.0,0.014969983318891407,0.2857142857142857,90
ACTU,0.06156773115347128,0.0,0.0,0.0,-0.004321494273399995,0.0,0.04509542479675346,0.2857142857142857,89
AEIS,0.2958568784029674,0.0,0.0,0.0,-0.08191662117984308,0.0,0.20141350350726478,0.2857142857142857,90
AFB,0.17110077767129453,0.0,0.0,0.0,-0.04773439556243084,0.0,0.11639198436286317,0.2857142857142857,90
AGX,0.413117738622108,0.0,0.0,0.0,0.3503214583950228,0.0,0.39741866856533675,0.2857142857142857,90
AKR,0.1971350967974042,0.0,0.0,0.0,-0.12269704662745268,0.0,0.11717706094118999,0.2857142857142857,90
AL,0.2512501238258087,0.0,0.0,0.0,-0.007043239299086275,0.0,0.18667678304458496,0.2857142857142857,90
ALAB,0.12387094056235648,0.0,0.0,0.0,-0.08083693711120739,0.0,0.07269397114396552,0.2857142857142857,90
ALHC,0.13398341251948392,0.0,0.0,0.0,-0.13182662956226013,0.0,0.06753090199904792,0.2857142857142857,90
ALXO,0.2514994642574424,0.0,0.0,0.0,0.833149746520714,0.0,0.3969120348232604,0.2857142857142857,90
AMAT,0.3302201392086002,0.0,0.0,0.0,0.2602477872863781,0.0,0.31272705122804473,0.2857142857142857,90
AMD,0.27563899891451427,0.0,0.0,0.0,-0.4575223255333298,0.0,0.09234866780255324,0.2857142857142857,90
AMPY,0.35748022804302426,0.0,0.0,0.0,-0.2849605811659645,0.0,0.19687002574077703,0.2857142857142857,90
AMSF,0.07330816631983593,0.0,0.0,0.0,-0.1191126896004106,0.0,0.02520295233977429,0.2857142857142857,90
ANF,0.09494469146236915,0.0,0.0,0.0,-0.13187200809339544,0.0,0.038240516573427995,0.2857142857142857,90
APOG,0.06396072631831072,0.0,0.0,0.0,-0.0014885371560275017,0.0,0.04759841044972616,0.2857142857142857,90
ARES,0.08132732085318214,0.0,0.0,0.0,-0.11259850027585264,0.0,0.03284586557092345,0.2857142857142857,90
ATER,0.08903422472880612,0.0,0.0,0.0,-0.5973548860342566,0.0,-0.08256305296195958,0.2857142857142857,89
ATLC,0.16795763398983887,0.0,0.0,0.0,0.06345786145380311,0.0,0.14183269085582992,0.2857142857142857,89
ATNI,0.4461510578479216,0.0,0.0,0.0,-0.06681947850596995,0.0,0.3179084237594487,0.2857142857142857,89
AVNW,0.18286373494828925,0.0,0.0,0.0,-0.12468058458838066,0.0,0.10597765506412177,0.2857142857142857,89
AVO,0.18011724832416284,0.0,0.0,0.0,-0.4841385145837779,0.0,0.014053307597177657,0.2857142857142857,90
AZO,0.21502113772974502,0.0,0.0,0.0,-0.01713057609737408,0.0,0.15698320927296525,0.2857142857142857,90
BBBY,0.1333569130223924,0.0,0.0,0.0,-0.4639670585389839,0.0,-0.015974079867951702,0.2857142857142857,90
BBOT,0.32585143529047866,0.0,0.0,0.0,0.2375120483428885,0.0,0.30376658855358113,0.2857142857142857,90
BC,0.16723821228513225,0.0,0.0,0.0,-0.23995130252195637,0.0,0.06544083358336007,0.2857142857142857,90
BCBP,0.1473578408010088,0.0,0.0,0.0,-0.06209278987240752,0.0,0.09499518313265472,0.2857142857142857,90
BCIC,0.3311820148902086,0.0,0.0,0.0,-0.05480396763436808,0.0,0.23468551925906442,0.2857142857142857,90
BCML,0.225727652424242,0.0,0.0,0.0,-0.0996679946249559,0.0,0.14437874066194253,0.2857142857142857,88
BCRX,0.10438176107383854,0.0,0.0,0.0,0.0036153132435095612,0.0,0.0791901491162563,0.2857142857142857,90
BCSF,0.11483998499845628,0.0,0.0,0.0,-0.02521079509648293,0.0,0.07982728997472148,0.2857142857142857,90
BCX,0.2574963919124391,0.0,0.0,0.0,-0.23260707227126481,0.0,0.13497052586651312,0.2857142857142857,90
BFS,0.17810167775062796,0.0,0.0,0.0,0.13538956983100237,0.0,0.16742365077072158,0.2857142857142857,90
BK,0.22416216442266995,0.0,0.0,0.0,-0.1589856941123996,0.0,0.12837519978890258,0.2857142857142857,90
BME,0.30913258734406096,0.0,0.0,0.0,-0.061695695779492084,0.0,0.2164255165631727,0.2857142857142857,89
BRTX,0.2511042261059797,0.0,0.0,0.0,0.5648995528462246,0.0,0.329553057791041,0.2857142857142857,87
BSTZ,0.19427187043095392,0.0,0.0,0.0,-0.14033005614470312,0.0,0.11062138878703964,0.2857142857142857,90
BTMD,0.13915597444808167,0.0,0.0,0.0,-0.3439160326074091,0.0,0.01838797268420896,0.2857142857142857,90
BTX,0.17695003747126659,0.0,0.0,0.0,-0.19360362417641405,0.0,0.0843116220593464,0.2857142857142857,90
AARD,0.21765323147347848,0.0,0.0,0.0,-0.17988131952944794,0.0,0.11826959372274685,0.2857142857142857,90
ABAT,0.20529935591078544,0.0,0.0,0.0,0.45021721157268724,0.0,0.2665288198262609,0.2857142857142857,90
ACEL,0.07260455766853172,0.0,0.0,0.0,-0.31042139495411886,0.0,-0.023151930487130937,0.2857142857142857,90
AEHR,0.0712595959024832,0.0,0.0,0.0,-0.20469610964010462,0.0,0.00227066951683623,0.2857142857142857,90
AENT,0.3368456076684364,0.0,0.0,0.0,0.05282088400659113,0.0,0.2658394267529751,0.2857142857142857,89
AHT,0.07750307776427241,0.0,0.0,0.0,-0.2524101129331785,0.0,-0.004975219910090326,0.2857142857142857,89
AIRJ,0.08293224469524317,0.0,0.0,0.0,-0.32781266193415476,0.0,-0.019753981962106325,0.2857142857142857,90
ALF,0.3512196705502079,0.0,0.0,0.0,-0.011714553124893822,0.0,0.2604861146314325,0.2857142857142857,82
ALTG,0.08220500706340729,0.0,0.0,0.0,-0.42100788480228224,0.0,-0.04359821590301511,0.2857142857142857,90
AMGN,0.40795428967217584,0.0,0.0,0.0,0.09674339334512676,0.0,0.3301515655904136,0.2857142857142857,90
AMTB,0.19928172763712024,0.0,0.0,0.0,-0.1536165887500879,0.0,0.11105714854031819,0.2857142857142857,90
AN,0.2051371901587709,0.0,0.0,0.0,0.07060351002512964,0.0,0.1715037701253606,0.2857142857142857,90
APGE,0.412334066878695,0.0,0.0,0.0,0.060206284016011705,0.0,0.3243021211630242,0.2857142857142857,90
APLE,0.15992939570949433,0.0,0.0,0.0,-0.10264154338797334,0.0,0.09428666093512741,0.2857142857142857,90
ARCT,0.015344340772011007,0.0,0.0,0.0,-0.8060875171598821,0.0,-0.1900136237109623,0.2857142857142857,90
ARQ,0.060805725093288764,0.0,0.0,0.0,-0.08383636531402078,0.0,0.024645202491461373,0.2857142857142857,90
ARTV,0.2154614573658767,0.0,0.0,0.0,0.021990589088081436,0.0,0.1670937402964279,0.2857142857142857,89
ARWR,0.3183443492114034,0.0,0.0,0.0,-0.2572767121430329,0.0,0.17443908387279436,0.2857142857142857,90
ASBP,0.08709763281607229,0.0,0.0,0.0,-0.30591984007211875,0.0,-0.011156735405975478,0.2857142857142857,90
ASLE,0.08295054436556568,0.0,0.0,0.0,0.10083656891350111,0.0,0.08742205050254954,0.2857142857142857,90
AVR,0.08838831998416993,0.0,0.0,0.0,-0.46419516154328816,0.0,-0.049757550397694604,0.2857142857142857,90
BGH,0.12492295360042731,0.0,0.0,0.0,-0.04333508414344622,0.0,0.08285844416445892,0.2857142857142857,89
BHF,0.4455245112534101,0.0,0.0,0.0,-0.010261897458962355,0.0,0.331577909075317,0.2857142857142857,90
BHFAP,0.2719743295211305,0.0,0.0,0.0,-0.07139573087881762,0.0,0.18613181442114343,0.2857142857142857,89
BTSG,0.2428644874148436,0.0,0.0,0.0,0.08093769973328059,0.0,0.20238279049445285,0.2857142857142857,90
